id;uuid;name;quantity;unit;country_name
1;Up-sized c Practical;administration navigating;56794;relationships;payment Account
2;Consultant Granite;Haute-Normandie;54653;c channels infrastructure;Superviseur
3;programming feed Metal;Shoes Cambridgeshire Intelligent;64653;convergence Incredible Car;convergence bypassing Rustic
4;input mindshare Developpeur;payment Monaco Specialiste;71788;Tuna compressing c;Practical
5;lime Berkshire e-business;Coordinateur Faubourg;55687;Languedoc-Roussillon;Card withdrawal
6;Manat;backing;99436;Buckinghamshire b;asymmetric Charron withdrawal
7;withdrawal;XSS relationships;47468;bus magenta;a CFP Handmade
8;Handcrafted Sausages Zimbabwe;deposit mobile interactive;21506;infomediaries;sensor
9;human-resource Awesome;info-mediaries Vanuatu;82171;recontextualize;Towels Languedoc-Roussillon bandwidth
10;Money matrix;white maximize;60713;motivating;back-end Comores
